['NAME', 'state']
['Pennsylvania', '42']
['California', '06']
['West Virginia', '54']
['Utah', '49']
['New York', '36']
['District of Columbia', '11']
['Alaska', '02']
['Florida', '12']
['South Carolina', '45']
['North Dakota', '38']
['Maine', '23']
['Georgia', '13']
['Alabama', '01']
['New Hampshire', '33']
['Oregon', '41']
['Wyoming', '56']
['Arizona', '04']
['Louisiana', '22']
['Indiana', '18']
['Idaho', '16']
['Connecticut', '09']
['Hawaii', '15']
['Illinois', '17']
['Massachusetts', '25']
['Texas', '48']
['Montana', '30']
['Nebraska', '31']
['Ohio', '39']
['Colorado', '08']
['New Jersey', '34']
['Maryland', '24']
['Virginia', '51']
['Vermont', '50']
['North Carolina', '37']
['Arkansas', '05']
['Washington', '53']
['Kansas', '20']
['Oklahoma', '40']
['Wisconsin', '55']
['Mississippi', '28']
['Missouri', '29']
['Michigan', '26']
['Rhode Island', '44']
['Minnesota', '27']
['Iowa', '19']
['New Mexico', '35']
['Nevada', '32']
['Delaware', '10']
['Puerto Rico', '72']
['Kentucky', '21']
['South Dakota', '46']
['Tennessee', '47']
